first_name,last_name,email,password
Miner,Valiant,mvaliant0@vk.com,276uVxp6n
Augustine,Wherrit,awherrit1@unicef.org,AijkBhInHsO
Vanny,Wayne,vwayne2@oakley.com,ROODg4eUU3h
Dierdre,Bedingfield,dbedingfield3@reverbnation.com,il0xNcw
Hendrik,Spellicy,hspellicy4@geocities.com,GzNqfxpn
Edith,Woodruff,ewoodruff5@rediff.com,Eq1nj3
Lemuel,Jamme,ljamme6@devhub.com,Rl5DNxsO1j
Jania,Hennemann,jhennemann7@arizona.edu,kqLBvY
Sylvia,Seakin,sseakin8@dropbox.com,Pui51nGJ6
Eberhard,Tiptaft,etiptaft9@hc360.com,vW8Wub1KTIm
Jaime,Schoolcroft,jschoolcrofta@devhub.com,kxRjRM8bzLMy
Rand,Brade,rbradeb@facebook.com,Hyw7agc
Billie,Tapin,btapinc@g.co,izH7og
Georgena,Bulley,gbulleyd@google.com.hk,JwliIl7vfKA
Ilaire,Yetman,iyetmane@ycombinator.com,ePaDofT
Haley,Rosthorn,hrosthornf@studiopress.com,p9la49v
Kirby,Casham,kcashamg@virginia.edu,r1TIOl
Patin,Bywaters,pbywatersh@bizjournals.com,UvMMBrBORBHi
Ivonne,Witsey,iwitseyi@exblog.jp,HLibeBLrZo
Read,Lindback,rlindbackj@auda.org.au,EvpCrd
